INSERT INTO public.product_category (name)
VALUES ('PC-X8JQK'),
       ('PC-B7ZTP'),
       ('PC-M4VNW'),
       ('PC-J0K1L2'),
       ('PC-M3N4O5'),
       ('PC-P6Q7R8'),
       ('PC-S9T0U1'),
       ('PC-V2W3X4'),
       ('PC-Y5Z6A7'),
       ('PC-B8C9D0');

INSERT INTO public.tag (name)
VALUES ('#FF'),
       ('#BB'),
       ('#PM'),
       ('#MM'),
       ('#QP'),
       ('#SC'),
       ('#TF'),
       ('#ED'),
       ('#F1'),
       ('#LL');

INSERT INTO public.product (inserted_at, created_at, category_id)
VALUES
    ('2025-04-01 10:00:00+00', '2025-04-01 10:00:00+00', 1),
    ('2025-04-02 10:00:00+00', '2025-04-02 10:00:00+00', 2),
    ('2025-04-03 10:00:00+00', '2025-04-03 10:00:00+00', 3),
    ('2025-04-04 10:00:00+00', '2025-04-04 10:00:00+00', 4),
    ('2025-04-05 10:00:00+00', '2025-04-05 10:00:00+00', 5),
    ('2025-04-06 10:00:00+00', '2025-04-06 10:00:00+00', 6),
    ('2025-04-07 10:00:00+00', '2025-04-07 10:00:00+00', 7),
    ('2025-04-08 10:00:00+00', '2025-04-08 10:00:00+00', 8),
    ('2025-04-09 10:00:00+00', '2025-04-09 10:00:00+00', 9),
    ('2025-04-10 10:00:00+00', '2025-04-10 10:00:00+00', 10),

    ('2025-04-11 10:00:00+00', '2025-04-11 10:00:00+00', 1),
    ('2025-04-12 10:00:00+00', '2025-04-12 10:00:00+00', 2),
    ('2025-04-13 10:00:00+00', '2025-04-13 10:00:00+00', 3),
    ('2025-04-14 10:00:00+00', '2025-04-14 10:00:00+00', 4),
    ('2025-04-15 10:00:00+00', '2025-04-15 10:00:00+00', 5),
    ('2025-04-16 10:00:00+00', '2025-04-16 10:00:00+00', 6),
    ('2025-04-17 10:00:00+00', '2025-04-17 10:00:00+00', 7),
    ('2025-04-18 10:00:00+00', '2025-04-18 10:00:00+00', 8),
    ('2025-04-19 10:00:00+00', '2025-04-19 10:00:00+00', 9),
    ('2025-04-20 10:00:00+00', '2025-04-20 10:00:00+00', 10),

    ('2025-04-21 10:00:00+00', '2025-04-21 10:00:00+00', 1),
    ('2025-04-22 10:00:00+00', '2025-04-22 10:00:00+00', 2),
    ('2025-04-23 10:00:00+00', '2025-04-23 10:00:00+00', 3),
    ('2025-04-24 10:00:00+00', '2025-04-24 10:00:00+00', 4),
    ('2025-04-25 10:00:00+00', '2025-04-25 10:00:00+00', 5),
    ('2025-04-26 10:00:00+00', '2025-04-26 10:00:00+00', 6),
    ('2025-04-27 10:00:00+00', '2025-04-27 10:00:00+00', 7),
    ('2025-04-28 10:00:00+00', '2025-04-28 10:00:00+00', 8),
    ('2025-04-29 10:00:00+00', '2025-04-29 10:00:00+00', 9),
    ('2025-04-30 10:00:00+00', '2025-04-30 10:00:00+00', 10),

    ('2025-05-01 10:00:00+00', '2025-05-01 10:00:00+00', 1),
    ('2025-05-02 10:00:00+00', '2025-05-02 10:00:00+00', 2),
    ('2025-05-03 10:00:00+00', '2025-05-03 10:00:00+00', 3),
    ('2025-05-04 10:00:00+00', '2025-05-04 10:00:00+00', 4),
    ('2025-05-05 10:00:00+00', '2025-05-05 10:00:00+00', 5),
    ('2025-05-06 10:00:00+00', '2025-05-06 10:00:00+00', 6),
    ('2025-05-07 10:00:00+00', '2025-05-07 10:00:00+00', 7),
    ('2025-05-08 10:00:00+00', '2025-05-08 10:00:00+00', 8),
    ('2025-05-09 10:00:00+00', '2025-05-09 10:00:00+00', 9),
    ('2025-05-10 10:00:00+00', '2025-05-10 10:00:00+00', 10);

INSERT INTO public.product_tag (product_id, tag_id, inserted_at)
VALUES
    (1, 1, '2025-04-01 10:00:00+00'),
    (1, 2, '2025-04-01 10:00:00+00'),
    (1, 3, '2025-04-01 10:00:00+00'),
    (2, 2, '2025-04-02 10:00:00+00'),
    (2, 4, '2025-04-02 10:00:00+00'),
    (3, 1, '2025-04-03 10:00:00+00'),
    (3, 3, '2025-04-03 10:00:00+00'),
    (3, 4, '2025-04-03 10:00:00+00'),
    (4, 5, '2025-04-04 10:00:00+00'),
    (4, 6, '2025-04-04 10:00:00+00'),
    (5, 7, '2025-04-05 10:00:00+00'),
    (5, 8, '2025-04-05 10:00:00+00'),
    (6, 9, '2025-04-06 10:00:00+00'),
    (6, 10, '2025-04-06 10:00:00+00'),
    (7, 2, '2025-04-07 10:00:00+00'),
    (7, 5, '2025-04-07 10:00:00+00'),
    (8, 6, '2025-04-08 10:00:00+00'),
    (8, 7, '2025-04-08 10:00:00+00'),
    (9, 3, '2025-04-09 10:00:00+00'),
    (9, 4, '2025-04-09 10:00:00+00'),
    (10, 1, '2025-04-10 10:00:00+00'),
    (10, 2, '2025-04-10 10:00:00+00'),
    (10, 5, '2025-04-10 10:00:00+00'),
    (10, 6, '2025-04-10 10:00:00+00'),
    (11, 7, '2025-04-11 10:00:00+00'),
    (11, 8, '2025-04-11 10:00:00+00'),
    (12, 9, '2025-04-12 10:00:00+00'),
    (13, 10, '2025-04-13 10:00:00+00'),
    (13, 3, '2025-04-13 10:00:00+00'),
    (14, 4, '2025-04-14 10:00:00+00'),
    (14, 8, '2025-04-14 10:00:00+00'),
    (15, 5, '2025-04-15 10:00:00+00'),
    (16, 6, '2025-04-16 10:00:00+00'),
    (16, 10, '2025-04-16 10:00:00+00'),
    (17, 7, '2025-04-17 10:00:00+00'),
    (17, 9, '2025-04-17 10:00:00+00'),
    (18, 8, '2025-04-18 10:00:00+00'),
    (19, 1, '2025-04-19 10:00:00+00'),
    (19, 3, '2025-04-19 10:00:00+00'),
    (20, 2, '2025-04-20 10:00:00+00'),
    (20, 6, '2025-04-20 10:00:00+00'),
    (20, 7, '2025-04-20 10:00:00+00');
